symbol,date,structural,fat_finger,jitter,level_shift,stale,ohlc_quirk,z
SPY,2018-03-23,False,False,True,False,False,False,-6.9345748458199115
SPY,2018-03-26,False,False,True,False,False,False,8.271516159688753
SWDA.L,2010-01-05,False,False,False,False,False,True,
SWDA.L,2010-01-07,False,False,False,False,False,True,
SWDA.L,2010-01-08,False,False,False,False,False,True,
SWDA.L,2010-01-11,False,False,False,False,False,True,
SWDA.L,2010-01-12,False,False,False,False,False,True,
SWDA.L,2010-01-15,False,False,False,False,False,True,
SWDA.L,2010-01-22,False,False,False,False,False,True,
SWDA.L,2010-01-25,True,False,False,False,False,False,
SWDA.L,2010-01-26,False,False,False,False,False,True,
SWDA.L,2010-01-27,False,False,False,False,False,True,
SWDA.L,2010-02-01,False,False,False,False,False,True,
SWDA.L,2010-02-04,False,False,False,False,False,True,
SWDA.L,2010-02-16,False,False,False,False,False,True,
SWDA.L,2010-02-17,False,False,False,False,False,True,
SWDA.L,2010-02-22,False,False,False,False,False,True,
SWDA.L,2010-02-23,False,False,False,False,False,True,
SWDA.L,2010-02-25,False,False,False,False,False,True,
SWDA.L,2010-02-26,False,False,False,False,False,True,
SWDA.L,2010-03-01,False,False,False,False,False,True,
SWDA.L,2010-03-02,False,False,False,False,False,True,
SWDA.L,2010-03-03,False,False,False,False,False,True,
SWDA.L,2010-03-04,False,False,False,False,False,True,
SWDA.L,2010-03-05,False,False,False,False,False,True,
SWDA.L,2010-03-08,False,False,False,False,False,True,
SWDA.L,2010-03-09,False,False,False,False,False,True,
SWDA.L,2010-03-15,False,False,False,False,False,True,
SWDA.L,2010-03-16,False,False,False,False,False,True,
SWDA.L,2010-03-19,False,False,False,False,False,True,
SWDA.L,2010-03-22,False,False,False,False,False,True,
SWDA.L,2010-03-24,False,False,False,False,False,True,
SWDA.L,2010-03-29,False,False,False,False,False,True,
SWDA.L,2010-04-01,False,False,False,False,False,True,
SWDA.L,2010-04-07,False,False,False,False,False,True,
SWDA.L,2010-04-08,False,False,False,False,False,True,
SWDA.L,2010-04-09,False,False,False,False,False,True,
SWDA.L,2010-04-12,False,False,False,False,False,True,
SWDA.L,2010-04-13,False,False,False,False,False,True,
SWDA.L,2010-04-14,False,False,False,False,False,True,
SWDA.L,2010-04-16,True,False,False,False,False,False,
SWDA.L,2010-04-20,False,False,False,False,False,True,
SWDA.L,2010-04-21,False,False,False,False,False,True,
SWDA.L,2010-04-22,False,False,False,False,False,True,
SWDA.L,2010-04-23,False,False,False,False,False,True,
SWDA.L,2010-04-28,False,False,False,False,False,True,
SWDA.L,2010-04-30,False,False,False,False,False,True,
SWDA.L,2010-05-05,False,False,False,False,False,True,
SWDA.L,2010-05-06,False,False,False,False,False,True,
SWDA.L,2010-05-07,True,False,False,False,False,False,
SWDA.L,2010-05-13,False,False,False,False,False,True,
SWDA.L,2010-05-14,True,False,False,False,False,False,
SWDA.L,2010-05-18,False,False,False,False,False,True,
SWDA.L,2010-05-19,False,False,False,False,False,True,
SWDA.L,2010-05-24,False,False,False,False,False,True,
SWDA.L,2010-05-25,False,False,False,False,False,True,
SWDA.L,2010-06-01,False,False,False,False,False,True,
SWDA.L,2010-06-03,False,False,False,False,False,True,
SWDA.L,2010-06-07,False,False,False,False,False,True,
SWDA.L,2010-06-08,False,False,False,False,False,True,
SWDA.L,2010-06-18,False,False,False,False,False,True,
SWDA.L,2010-06-21,False,False,False,False,True,False,
SWDA.L,2010-06-22,False,False,False,False,True,False,
SWDA.L,2010-06-23,False,False,False,False,True,False,
SWDA.L,2010-06-24,False,False,False,False,True,False,0.0
SWDA.L,2010-06-25,False,False,False,False,True,False,0.0
SWDA.L,2010-06-28,False,False,False,False,True,False,0.0
SWDA.L,2010-06-29,False,False,False,False,False,True,-16.173052018225096
SWDA.L,2010-07-06,False,False,False,False,False,True,1.3489815189531904
SWDA.L,2010-07-12,False,False,False,False,True,False,
SWDA.L,2010-07-13,False,False,False,False,True,False,
SWDA.L,2010-07-14,False,False,False,False,True,False,
SWDA.L,2010-07-15,False,False,False,False,True,False,
SWDA.L,2010-07-16,False,False,False,False,True,False,
SWDA.L,2010-07-19,False,False,False,False,True,False,
SWDA.L,2010-07-20,False,False,False,False,True,False,
SWDA.L,2010-07-21,False,False,False,False,False,True,
SWDA.L,2010-07-22,False,False,False,False,False,True,
SWDA.L,2010-07-28,False,False,False,False,False,True,
SWDA.L,2010-07-30,False,False,False,False,False,True,
SWDA.L,2010-08-05,False,False,False,False,False,True,
SWDA.L,2010-08-06,True,False,False,False,False,False,
SWDA.L,2010-08-10,False,False,False,False,False,True,
SWDA.L,2010-08-13,False,False,False,False,False,True,
SWDA.L,2010-08-17,False,False,False,False,False,True,
SWDA.L,2010-08-19,True,False,False,False,False,False,
SWDA.L,2010-08-20,False,False,False,False,False,True,
SWDA.L,2010-08-23,False,False,False,False,False,True,
SWDA.L,2010-08-24,False,False,False,False,False,True,
SWDA.L,2010-08-25,False,False,False,False,False,True,
SWDA.L,2010-08-26,False,False,False,False,False,True,
SWDA.L,2010-08-27,False,False,False,False,False,True,
SWDA.L,2010-09-03,False,False,False,False,False,True,
SWDA.L,2010-09-06,False,False,False,False,False,True,
SWDA.L,2010-09-13,False,False,False,False,False,True,
SWDA.L,2010-09-14,False,False,False,False,False,True,
SWDA.L,2010-09-15,False,False,False,False,False,True,
SWDA.L,2010-09-16,False,False,False,False,False,True,
SWDA.L,2010-09-20,False,False,False,False,False,True,
SWDA.L,2010-09-22,False,False,False,False,False,True,
SWDA.L,2010-09-28,False,False,False,False,False,True,
SWDA.L,2010-10-01,False,False,False,False,False,True,
SWDA.L,2010-10-04,False,False,False,False,False,True,
SWDA.L,2010-10-07,False,False,False,False,False,True,-2.1461553025363993
SWDA.L,2010-10-08,False,False,False,False,False,True,1.4303471888115336
SWDA.L,2010-10-11,False,False,False,False,False,True,1.8295549193727245
SWDA.L,2010-10-14,False,False,False,False,False,True,-3.5396935274500585
SWDA.L,2010-10-19,False,False,False,False,False,True,0.4797516848308332
SWDA.L,2010-10-20,False,False,False,False,False,True,0.2622693664840407
SWDA.L,2010-10-21,False,False,False,False,False,True,4.0531784168167535
SWDA.L,2010-10-25,False,False,False,False,False,True,1.6574511915660624
SWDA.L,2010-10-26,False,False,False,False,False,True,-5.919869628664687
SWDA.L,2010-11-01,False,False,False,False,False,True,-0.8916685148647217
SWDA.L,2010-11-05,False,False,False,False,False,True,6.686511734315611
SWDA.L,2010-11-11,False,False,False,False,False,True,-3.5151261875421596
SWDA.L,2010-11-16,False,False,False,False,False,True,-4.165615349211797
SWDA.L,2010-11-18,False,False,False,False,False,True,4.917278802372557
SWDA.L,2010-11-19,False,False,False,False,False,True,-0.21518810280023376
SWDA.L,2010-11-22,False,False,False,False,False,True,-1.3173225358675607
SWDA.L,2010-11-23,False,False,False,False,False,True,-3.364592679091807
SWDA.L,2010-11-24,False,False,False,False,False,True,4.845828737818964
SWDA.L,2010-12-01,False,False,False,False,False,True,1.980476065356542
SWDA.L,2010-12-06,False,False,False,False,False,True,4.054244984066832
SWDA.L,2010-12-14,False,False,False,False,False,True,4.538695738253119
SWDA.L,2010-12-15,False,False,False,False,False,True,1.435471419868926
SWDA.L,2010-12-16,False,False,False,False,False,True,-0.6552635261645439
SWDA.L,2010-12-20,False,False,False,False,False,True,1.4723050452832227
SWDA.L,2010-12-21,False,False,False,False,False,True,3.3126864670732723
SWDA.L,2010-12-22,False,False,False,False,False,True,2.488256577499032
SWDA.L,2010-12-23,False,False,False,False,False,True,-0.31113476953993435
SWDA.L,2010-12-24,False,False,False,False,False,True,-0.480656754195808
SWDA.L,2010-12-30,False,False,False,False,False,True,0.0
SWDA.L,2011-01-04,False,False,False,False,False,True,-1.1197123568889042
SWDA.L,2011-01-05,False,False,False,False,False,True,1.7089329897445382
SWDA.L,2011-01-06,False,False,False,False,False,True,-0.6379359826907858
SWDA.L,2011-01-14,False,False,False,False,False,True,-0.3047882647933479
SWDA.L,2011-01-19,False,False,False,False,False,True,-1.352488378601835
SWDA.L,2011-01-20,False,False,False,False,False,True,-1.7771270420891236
SWDA.L,2011-01-24,False,False,False,False,False,True,1.4373570568512475
SWDA.L,2011-01-28,False,False,False,False,False,True,-1.2335142653135631
SWDA.L,2011-01-31,False,False,False,False,False,True,-2.6825331888045625
SWDA.L,2011-02-01,False,False,False,False,False,True,2.4608250588390823
SWDA.L,2011-02-02,False,False,False,False,False,True,0.2667951728176928
SWDA.L,2011-02-03,False,False,False,False,False,True,-0.6709931229208759
SWDA.L,2011-02-04,False,False,False,False,False,True,1.3332555864721494
SWDA.L,2011-02-07,False,False,False,False,False,True,1.790273385020884
SWDA.L,2011-02-08,False,False,False,False,False,True,0.9829437301302543
SWDA.L,2011-02-09,False,False,False,False,False,True,-0.8262184297809392
SWDA.L,2011-02-14,False,False,False,False,False,True,0.16954350054121317
SWDA.L,2011-02-16,False,False,False,False,False,True,2.288849820467338
SWDA.L,2011-02-18,False,False,False,False,False,True,0.0
SWDA.L,2011-02-21,False,False,False,False,False,True,-2.1415149436384042
SWDA.L,2011-02-23,False,False,False,False,False,True,-2.902500896189779
SWDA.L,2011-02-28,False,False,False,False,False,True,-0.3423247087213726
SWDA.L,2011-03-01,False,False,False,False,False,True,-1.4794891624442792
SWDA.L,2011-03-02,False,False,False,False,False,True,-1.1372921150631554
SWDA.L,2011-03-04,False,False,False,False,False,True,-0.45111471786484636
SWDA.L,2011-03-08,False,False,False,False,False,True,1.1789271250729092
SWDA.L,2011-03-09,False,False,False,False,False,True,-1.5120586099278879
SWDA.L,2011-03-10,False,False,False,False,False,True,-1.2362326848162828
SWDA.L,2011-03-11,False,False,False,False,False,True,-0.7868155324503138
SWDA.L,2011-03-14,True,False,False,False,False,False,-4.64791785906308
SWDA.L,2011-03-15,False,False,False,False,False,True,-0.9975796143962288
SWDA.L,2011-03-18,False,False,False,False,False,True,0.8451089413457425
SWDA.L,2011-03-23,False,False,False,False,False,True,0.9956940372386405
SWDA.L,2011-03-24,False,False,False,False,False,True,3.4235126184402427
SWDA.L,2011-03-25,False,False,False,False,False,True,1.3445660068431349
SWDA.L,2011-03-28,False,False,False,False,False,True,-0.19343481113637193
SWDA.L,2011-03-29,False,False,False,False,False,True,0.3866607857288918
SWDA.L,2011-04-01,False,False,False,False,False,True,1.1370719176437751
SWDA.L,2011-04-15,False,False,False,False,False,True,1.102094132714286
SWDA.L,2011-04-19,False,False,False,False,False,True,0.4689520958749606
SWDA.L,2011-04-21,False,False,False,False,False,True,-0.7965245666749091
SWDA.L,2011-04-26,False,False,False,False,False,True,2.4147093426851973
SWDA.L,2011-04-27,False,False,False,False,False,True,-0.7691681635145089
SWDA.L,2011-05-04,False,False,False,False,False,True,-2.205608946822517
SWDA.L,2011-05-05,False,False,False,False,False,True,-0.3814714172846554
SWDA.L,2011-05-06,False,False,False,False,False,True,1.7101891888347363
SWDA.L,2011-05-10,False,False,False,False,False,True,1.3781258879604499
SWDA.L,2011-05-11,False,False,False,False,False,True,-1.4267309928584624
SWDA.L,2011-05-12,False,False,False,False,False,True,0.0
SWDA.L,2011-05-18,False,False,False,False,False,True,2.4573614158545953
SWDA.L,2011-05-19,False,False,False,False,False,True,0.28426706439016663
SWDA.L,2011-05-24,False,False,False,False,False,True,-0.14470720010577226
SWDA.L,2011-05-25,False,False,False,False,False,True,-0.3904567495342351
SWDA.L,2011-05-27,False,False,False,False,False,True,0.9631642790197943
SWDA.L,2011-06-02,False,False,False,False,False,True,-2.1109047726957857
SWDA.L,2011-06-06,False,False,False,False,False,True,-0.6334470708743348
SWDA.L,2011-06-09,False,False,False,False,False,True,0.7647290770178156
SWDA.L,2011-06-10,False,False,False,False,False,True,-1.0215397328765994
SWDA.L,2011-06-13,False,False,False,False,False,True,-0.6533417016479824
SWDA.L,2011-06-14,False,False,False,False,False,True,1.3041355461782096
SWDA.L,2011-06-20,False,False,False,False,False,True,-0.684739675150953
SWDA.L,2011-06-21,False,False,False,False,False,True,2.413263722480059
SWDA.L,2011-06-27,False,False,False,False,False,True,0.17312480047280787
SWDA.L,2011-07-07,False,False,False,False,False,True,1.6614491490508758
SWDA.L,2011-07-08,True,False,False,False,False,False,-2.27775971173126
SWDA.L,2011-07-13,False,False,False,False,False,True,0.5607131929520298
SWDA.L,2011-07-19,False,False,False,False,False,True,1.0644948963414949
SWDA.L,2011-07-21,False,False,False,False,False,True,0.8550201127616631
SWDA.L,2011-07-22,False,False,False,False,False,True,-0.03712532912803599
SWDA.L,2011-07-28,False,False,False,False,False,True,-0.15119663484048285
SWDA.L,2011-07-29,False,False,False,False,False,True,-2.209025294570703
SWDA.L,2011-08-01,False,False,False,False,False,True,-0.3462936205683913
SWDA.L,2011-08-02,False,False,False,False,False,True,-1.7819166117179912
SWDA.L,2011-08-04,True,False,False,False,False,False,-3.6394984853948964
SWDA.L,2011-08-05,False,False,False,False,False,True,-4.0727616129936335
SWDA.L,2011-08-10,False,False,False,False,False,True,-2.3643251853494713
SWDA.L,2011-08-12,False,False,False,False,False,True,2.9595799890418824
SWDA.L,2011-08-15,False,False,False,False,False,True,0.6596473184639963
SWDA.L,2011-08-16,False,False,False,False,False,True,0.16441133761676022
SWDA.L,2011-08-17,False,False,False,False,False,True,-0.700129952054528
SWDA.L,2011-08-18,True,False,False,False,False,False,-6.065946840473685
SWDA.L,2011-08-22,False,False,False,False,False,True,0.43388158389507936
SWDA.L,2011-08-24,True,False,False,False,False,False,2.6663052310108606
SWDA.L,2011-08-25,False,False,False,False,False,True,0.4198679943082721
SWDA.L,2011-08-26,True,False,False,False,False,False,0.041915171783824
SWDA.L,2011-08-30,False,False,False,False,False,True,3.883112703080319
SWDA.L,2011-09-07,False,False,False,False,False,True,4.362396401780369
SWDA.L,2011-09-09,False,False,False,False,False,True,-3.185318872470816
SWDA.L,2011-09-12,False,False,False,False,False,True,-1.639004802294461
SWDA.L,2011-09-16,False,False,False,False,False,True,0.7454326111163085
SWDA.L,2011-09-20,False,False,False,False,False,True,1.8926195997637005
SWDA.L,2011-09-21,False,False,False,False,False,True,-1.2938175508013683
SWDA.L,2011-09-22,False,False,False,False,False,True,-5.081903750052476
SWDA.L,2011-09-27,False,False,False,False,False,True,4.340306682786469
SWDA.L,2011-09-29,False,False,False,False,False,True,-0.5676651692747982
SWDA.L,2011-10-05,False,False,False,False,False,True,3.6679828771924083
SWDA.L,2011-10-10,True,False,False,False,False,False,2.504458660739726
SWDA.L,2011-10-11,False,False,False,False,False,True,0.5819056725836655
SWDA.L,2011-10-12,False,False,False,False,False,True,1.064100012133998
SWDA.L,2011-10-13,False,False,False,False,False,True,-1.74293926650715
SWDA.L,2011-10-17,True,False,False,False,False,False,-0.28333987946490563
SWDA.L,2011-10-18,False,False,False,False,False,True,-0.18069004297784697
SWDA.L,2011-10-19,False,False,False,False,False,True,0.743440354689059
SWDA.L,2011-10-20,False,False,False,False,False,True,-1.422324115423561
SWDA.L,2011-10-21,False,False,False,False,False,True,1.215252939066503
SWDA.L,2011-10-24,False,False,False,False,False,True,1.7563373425992277
SWDA.L,2011-10-25,False,False,False,False,False,True,-1.474663620288068
SWDA.L,2011-10-28,False,False,False,False,False,True,0.5913673235859733
SWDA.L,2011-10-31,False,False,False,False,False,True,-2.801068900545144
SWDA.L,2011-11-01,False,False,False,False,False,True,-3.354751469794131
SWDA.L,2011-11-08,False,False,False,False,False,True,0.7991185760712257
SWDA.L,2011-11-11,False,False,False,False,False,True,1.761164841877469
SWDA.L,2011-11-16,False,False,False,False,False,True,0.6632004606792471
SWDA.L,2011-11-18,False,False,False,False,False,True,-1.0092847116727741
SWDA.L,2011-11-21,False,False,False,False,False,True,-2.3153463053508885
SWDA.L,2011-11-23,False,False,False,False,False,True,-1.1441865912809228
SWDA.L,2011-11-28,False,False,False,False,False,True,2.7794676555748636
SWDA.L,2011-11-30,False,False,False,False,False,True,3.008041959265019
SWDA.L,2011-12-08,False,False,False,False,False,True,-0.9788851517135077
SWDA.L,2011-12-09,False,False,False,False,False,True,0.9445855685185799
SWDA.L,2011-12-13,False,False,False,False,False,True,0.7684099413865849
SWDA.L,2011-12-14,False,False,False,False,False,True,-1.914383350764082
SWDA.L,2011-12-20,False,False,False,False,False,True,1.1117775039484137
SWDA.L,2011-12-21,False,False,False,False,False,True,-0.464225936218497
SWDA.L,2011-12-28,False,False,False,False,False,True,0.24427704900301522
SWDA.L,2011-12-29,False,False,False,False,False,True,1.0250190064976454
SWDA.L,2011-12-30,False,False,False,False,False,True,0.21001081053219847
SWDA.L,2012-01-05,False,False,False,False,False,True,0.3242183813002784
SWDA.L,2012-01-10,False,False,False,False,False,True,1.5031376913795278
SWDA.L,2012-01-11,False,False,False,False,False,True,0.1767747757495592
SWDA.L,2012-01-12,False,False,False,False,False,True,0.35265774951858425
SWDA.L,2012-01-13,False,False,False,False,False,True,-0.32322424738015393
SWDA.L,2012-01-16,False,False,False,False,False,True,0.6162021272392114
SWDA.L,2012-01-17,False,False,False,False,False,True,0.46706807284669877
SWDA.L,2012-01-18,False,False,False,False,False,True,-0.02913086504157776
SWDA.L,2012-01-19,False,False,False,False,False,True,1.0070181277846793
SWDA.L,2012-01-20,False,False,False,False,False,True,-0.6894750027703194
SWDA.L,2012-01-23,False,False,False,False,False,True,0.5748793864202616
SWDA.L,2012-01-24,False,False,False,False,False,True,-0.45964906699777824
SWDA.L,2012-01-25,False,False,False,False,False,True,0.11599162143618702
SWDA.L,2012-01-26,False,False,False,False,False,True,0.5203798632284884
SWDA.L,2012-01-31,False,False,False,False,False,True,-0.40925423997175503
SWDA.L,2012-02-01,False,False,False,False,False,True,1.3387359044251674
SWDA.L,2012-02-02,False,False,False,False,False,True,0.2310883651248178
SWDA.L,2012-02-06,False,False,False,False,False,True,-0.44860399490456415
SWDA.L,2012-02-07,False,False,False,False,False,True,0.17119342483763356
SWDA.L,2012-02-08,False,False,False,False,False,True,0.28470255734181643
SWDA.L,2012-02-10,False,False,False,False,False,True,-0.5686339800522273
SWDA.L,2012-02-20,False,False,False,False,False,True,0.4800103528540271
SWDA.L,2012-02-21,False,False,False,False,False,True,0.33633382074638124
SWDA.L,2012-02-27,False,False,False,False,False,True,-0.18448151272422691
SWDA.L,2012-02-28,False,False,False,False,False,True,0.016271920715874737
SWDA.L,2012-02-29,False,False,False,False,False,True,-1.1049424902765959
SWDA.L,2012-03-02,False,False,False,False,False,True,0.36455122137432555
SWDA.L,2012-03-07,False,False,False,False,False,True,0.36609940621202736
SWDA.L,2012-03-08,False,False,False,False,False,True,0.8285061549635369
SWDA.L,2012-03-09,False,False,False,False,False,True,1.2787015960825392
SWDA.L,2012-03-12,False,False,False,False,False,True,-0.2606838816667751
SWDA.L,2012-03-13,False,False,False,False,False,True,0.5186523441254597
SWDA.L,2012-03-14,False,False,False,False,False,True,0.3689180737163262
SWDA.L,2012-03-15,False,False,False,False,False,True,0.3066150455910077
SWDA.L,2012-03-19,False,False,False,False,False,True,-0.17932667917573464
SWDA.L,2012-03-20,False,False,False,False,False,True,-0.9678488540350489
SWDA.L,2012-03-21,False,False,False,False,False,True,0.05522308618275781
SWDA.L,2012-03-26,False,False,False,False,False,True,0.6550671250121738
SWDA.L,2012-03-29,False,False,False,False,False,True,-1.7900659024497299
SWDA.L,2012-04-02,False,False,False,False,False,True,0.5450728895107514
SWDA.L,2012-04-05,False,False,False,False,False,True,0.6062065185052858
SWDA.L,2012-04-10,False,False,False,False,False,True,-2.467742947187718
SWDA.L,2012-04-12,False,False,False,False,False,True,0.9043147917570278
SWDA.L,2012-04-13,False,False,False,False,False,True,-0.7171810232890976
SWDA.L,2012-04-17,False,False,False,False,False,True,1.0493168082010755
SWDA.L,2012-04-18,False,False,False,False,False,True,-1.180151090196709
SWDA.L,2012-04-19,False,False,False,False,False,True,-0.380954208509723
SWDA.L,2012-04-20,False,False,False,False,False,True,-0.19173230030492044
SWDA.L,2012-04-23,False,False,False,False,False,True,-2.148156330586327
SWDA.L,2012-04-24,False,False,False,False,False,True,0.9027628461303311
SWDA.L,2012-05-01,False,False,False,False,False,True,1.0005693572837275
SWDA.L,2012-05-02,False,False,False,False,False,True,-1.2442434070378134
SWDA.L,2012-05-04,True,False,False,False,False,False,-1.9170975172685312
SWDA.L,2012-05-09,False,False,False,False,False,True,0.17947883996756192
SWDA.L,2012-05-10,False,False,False,False,False,True,0.16990955544138409
SWDA.L,2012-05-11,False,False,False,False,False,True,0.6332719809232795
SWDA.L,2012-05-15,False,False,False,False,False,True,-0.42562660537117497
SWDA.L,2012-05-16,False,False,False,False,False,True,-0.19862002581147042
SWDA.L,2012-05-17,False,False,False,False,False,True,-0.49684255613065337
SWDA.L,2012-05-18,False,False,False,False,False,True,-1.0157202841084163
SWDA.L,2012-05-23,False,False,False,False,False,True,-2.361820678891031
SWDA.L,2012-05-24,False,False,False,False,False,True,1.5591780591806992
SWDA.L,2012-05-25,False,False,False,False,False,True,0.008743652014859656
SWDA.L,2012-05-29,False,False,False,False,False,True,0.6952312980573088
SWDA.L,2012-05-31,False,False,False,False,False,True,-0.11670484293025321
SWDA.L,2012-06-01,False,False,False,False,False,True,-1.4026739418644438
SWDA.L,2012-06-07,False,False,False,False,False,True,2.166956732913287
SWDA.L,2012-06-08,False,False,False,False,False,True,0.03611591517780273
SWDA.L,2012-06-11,True,False,False,False,False,False,-0.4214125160101706
SWDA.L,2012-06-18,False,False,False,False,False,True,-0.027839092283065716
SWDA.L,2012-06-20,False,False,False,False,False,True,-0.08852808858987382
SWDA.L,2012-06-25,False,False,False,False,False,True,-1.4862888673460446
SWDA.L,2012-07-03,False,False,False,False,False,True,1.446482902205293
SWDA.L,2012-07-09,False,False,False,False,False,True,-0.5133713993627952
SWDA.L,2012-07-11,False,False,False,False,False,True,-0.9124348641103337
SWDA.L,2012-07-13,False,False,False,False,False,True,0.5656413368120898
SWDA.L,2012-07-19,False,False,False,False,False,True,0.065407295790475
SWDA.L,2012-07-24,False,False,False,False,False,True,-0.4186381585589913
SWDA.L,2012-07-26,False,False,False,False,False,True,0.690963114686771
SWDA.L,2012-07-30,False,False,False,False,False,True,0.7831867702847753
SWDA.L,2012-07-31,False,False,False,False,False,True,0.0947763094351005
SWDA.L,2012-08-02,True,False,False,False,False,False,-1.2886890584864779
SWDA.L,2012-08-03,False,False,False,False,False,True,1.837908414139161
SWDA.L,2012-08-08,False,False,False,False,False,True,-0.34475978048637246
SWDA.L,2012-08-09,False,False,False,False,False,True,0.173533886968368
SWDA.L,2012-08-20,False,False,False,False,False,True,-0.4885998090995774
SWDA.L,2012-08-22,False,False,False,False,False,True,-1.7680554646711453
SWDA.L,2012-08-30,False,False,False,False,False,True,-0.769871559878799
SWDA.L,2012-08-31,False,False,False,False,False,True,0.3728834384406821
SWDA.L,2012-09-03,False,False,False,False,False,True,-0.20571334098472993
SWDA.L,2012-09-04,False,False,False,False,False,True,-1.278460421506971
SWDA.L,2012-09-05,False,False,False,False,False,True,0.0022939400168616344
SWDA.L,2012-09-06,False,False,False,False,False,True,2.238801450372438
SWDA.L,2012-09-07,False,False,False,False,False,True,0.30576486941197545
SWDA.L,2012-09-12,False,False,False,False,False,True,-0.2453939560459905
SWDA.L,2012-09-13,False,False,False,False,False,True,-0.07170120623894258
SWDA.L,2012-09-14,False,False,False,False,False,True,2.1382666134516266
SWDA.L,2012-09-17,False,False,False,False,False,True,-0.8664204412827088
SWDA.L,2012-09-19,False,False,False,False,False,True,0.4133772253379313
SWDA.L,2012-09-21,False,False,False,False,False,True,0.42123432289296436
SWDA.L,2012-09-26,False,False,False,False,False,True,-2.3167093593493506
SWDA.L,2012-09-28,False,False,False,False,False,True,-0.5877771132176003
SWDA.L,2012-10-01,False,False,False,False,False,True,1.898614711998692
SWDA.L,2012-10-02,False,False,False,False,False,True,-1.0324928795997754
SWDA.L,2012-10-04,False,False,False,False,False,True,-0.18814498418469638
SWDA.L,2012-10-08,False,False,False,False,False,True,-0.3744520111508647
SWDA.L,2012-10-10,False,False,False,False,False,True,-0.6746561146106356
SWDA.L,2012-10-15,False,False,False,False,False,True,0.7269482493784423
SWDA.L,2012-10-16,False,False,False,False,False,True,1.5293625164437898
SWDA.L,2012-10-17,False,False,False,False,False,True,0.443193023441448
SWDA.L,2012-10-22,False,False,False,False,False,True,-1.0800766567495104
SWDA.L,2012-10-23,False,False,False,False,False,True,-1.6124318016546706
SWDA.L,2012-10-26,False,False,False,False,False,True,-0.01040733212016692
SWDA.L,2012-11-06,False,False,False,False,False,True,0.6171790132194936
SWDA.L,2012-11-09,False,False,False,False,False,True,-0.08340900964659895
SWDA.L,2012-11-13,True,False,False,False,False,False,0.3540010442632505
SWDA.L,2012-11-14,False,False,False,False,False,True,-1.2202026614634303
SWDA.L,2012-11-15,False,False,False,False,False,True,-1.383678361370005
SWDA.L,2012-11-19,False,False,False,False,False,True,3.257966933671697
SWDA.L,2012-11-20,False,False,False,False,False,True,0.2386652429786875
SWDA.L,2012-11-21,False,False,False,False,False,True,-0.08431351607406126
SWDA.L,2012-11-22,False,False,False,False,False,True,0.27204945473520176
SWDA.L,2012-11-23,False,False,False,False,False,True,0.49621512006864876
SWDA.L,2012-11-27,False,False,False,False,False,True,0.2442814817861554
SWDA.L,2012-11-29,False,False,False,False,False,True,1.5125075850271517
SWDA.L,2012-12-03,False,False,False,False,False,True,-0.8143343414480776
SWDA.L,2012-12-05,False,False,False,False,False,True,0.2838467328891318
SWDA.L,2012-12-06,False,False,False,False,False,True,0.799121502411571
SWDA.L,2012-12-10,False,False,False,False,False,True,-0.046225654457882355
SWDA.L,2012-12-11,False,False,False,False,False,True,0.6611332460113014
SWDA.L,2012-12-13,False,False,False,False,False,True,-0.6184930309396749
SWDA.L,2012-12-17,False,False,False,False,False,True,-0.12643328467130244
SWDA.L,2012-12-18,False,False,False,False,False,True,1.5143733603854141
SWDA.L,2012-12-21,False,False,False,False,False,True,-0.1859450867409893
SWDA.L,2012-12-27,False,False,False,False,False,True,-0.6292743273654904
SWDA.L,2013-01-02,False,False,False,False,False,True,4.75024495783661
SWDA.L,2013-01-03,False,False,False,False,False,True,1.3927286861186412
SWDA.L,2013-01-08,False,False,False,False,False,True,-0.4079088655863081
SWDA.L,2013-01-10,False,False,False,False,False,True,-0.28317301881882084
SWDA.L,2013-01-14,False,False,False,False,False,True,0.6734552035751824
SWDA.L,2013-01-15,False,False,False,False,False,True,-0.5599767906446508
SWDA.L,2013-01-17,False,False,False,False,False,True,1.021334094704503
SWDA.L,2013-01-21,False,False,False,False,False,True,0.5602916652415798
SWDA.L,2013-01-22,False,False,False,False,False,True,-0.47280330292326667
SWDA.L,2013-01-23,False,False,False,False,False,True,0.48540108914062813
SWDA.L,2013-01-24,False,False,False,False,False,True,1.805663390762589
SWDA.L,2013-01-25,False,False,False,False,False,True,-0.14249124965140358
SWDA.L,2013-01-28,False,False,False,False,False,True,1.132530378969754
SWDA.L,2013-01-29,False,False,False,False,False,True,0.24488515587140627
SWDA.L,2013-02-01,False,False,False,False,False,True,2.302648821640307
SWDA.L,2013-02-05,False,False,False,False,False,True,1.5807811127756994
SWDA.L,2013-02-07,False,False,False,False,False,True,-1.659672438462968
SWDA.L,2013-02-15,False,False,False,False,False,True,-0.042785697126605106
SWDA.L,2013-02-19,False,False,False,False,False,True,1.6090634383195128
SWDA.L,2013-02-21,False,False,False,False,False,True,-2.5869526088260986
SWDA.L,2013-02-22,False,False,False,False,False,True,0.9292554904476661
SWDA.L,2013-02-25,False,False,False,False,False,True,2.3208598702851724
SWDA.L,2013-02-27,False,False,False,False,False,True,1.8391612714328875
SWDA.L,2013-03-05,False,False,False,False,False,True,1.9339799952920536
SWDA.L,2013-03-06,False,False,False,False,False,True,0.42081634403607115
SWDA.L,2013-03-08,False,False,False,False,False,True,1.266446789661408
SWDA.L,2013-03-12,False,False,False,False,False,True,0.05793252133105089
SWDA.L,2013-03-14,False,False,False,False,False,True,-0.632000007871045
SWDA.L,2013-03-18,False,False,False,False,False,True,-0.6150481432550878
SWDA.L,2013-03-19,False,False,False,False,False,True,-1.300174653646324
SWDA.L,2013-03-21,False,False,False,False,False,True,-1.143936285717869
SWDA.L,2013-03-25,False,False,False,False,False,True,-0.221766099718237
SWDA.L,2013-04-02,False,False,False,False,False,True,1.3470712373074332
SWDA.L,2013-04-03,False,False,False,False,False,True,-1.4941660102857797
SWDA.L,2013-04-04,False,False,False,False,False,True,-0.6837540441492965
SWDA.L,2013-04-09,False,False,False,False,False,True,0.42587518015225495
SWDA.L,2013-04-11,False,False,False,False,False,True,0.596168763560464
SWDA.L,2013-04-16,False,False,False,False,False,True,-0.5476401047235243
SWDA.L,2013-04-17,False,False,False,False,False,True,-1.6408384659707291
SWDA.L,2013-04-18,False,False,False,False,False,True,-0.5543967300775755
SWDA.L,2013-04-19,False,False,False,False,False,True,0.9435220756951269
SWDA.L,2013-04-23,False,False,False,False,False,True,2.484608799338592
SWDA.L,2013-04-24,False,False,False,False,False,True,0.6211814364181873
SWDA.L,2013-04-25,False,False,False,False,False,True,-0.8807077199383345
SWDA.L,2013-05-01,False,False,False,False,False,True,-0.006227814059880095
SWDA.L,2013-05-08,False,False,False,False,False,True,0.04734482834919973
SWDA.L,2013-05-09,False,False,False,False,False,True,0.4842487638717782
SWDA.L,2013-05-10,False,False,False,False,False,True,1.173386760179508
SWDA.L,2013-05-15,False,False,False,False,False,True,0.7710898640899623
SWDA.L,2013-05-17,False,False,False,False,False,True,1.0585825903244173
SWDA.L,2013-05-21,False,False,False,False,False,True,0.4550912307315186
SWDA.L,2013-05-24,False,False,False,False,False,True,-1.3701831594972604
SWDA.L,2013-06-03,False,False,False,False,False,True,-4.182749702050054
SWDA.L,2013-06-05,False,False,False,False,False,True,-3.5170672906831806
SWDA.L,2013-06-06,False,False,False,False,False,True,-2.275309013245635
SWDA.L,2013-06-07,False,False,False,False,False,True,2.568564824099772
SWDA.L,2013-06-10,False,False,False,False,False,True,0.03186502541603563
SWDA.L,2013-06-11,False,False,False,False,False,True,-1.2291788080168267
SWDA.L,2013-06-12,False,False,False,False,False,True,-1.5605058984720632
SWDA.L,2013-06-17,False,False,False,False,False,True,1.1940379925726452
SWDA.L,2013-06-20,False,False,False,False,False,True,-3.802870939212898
SWDA.L,2013-06-21,False,False,False,False,False,True,-0.8846146796216663
SWDA.L,2013-06-24,False,False,False,False,False,True,-2.984346330396104
SWDA.L,2013-06-27,False,False,False,False,False,True,2.7547469112750687
SWDA.L,2013-07-01,False,False,False,False,False,True,1.0669838915578325
SWDA.L,2013-07-03,False,False,False,False,False,True,-2.326374078262501
SWDA.L,2013-07-04,False,False,False,False,False,True,3.726722943438508
SWDA.L,2013-07-08,False,False,False,False,False,True,1.3794740502413676
SWDA.L,2013-07-09,False,False,False,False,False,True,1.6750940267121373
SWDA.L,2013-07-10,False,False,False,False,False,True,-1.0327457053727669
SWDA.L,2013-07-11,False,False,False,False,False,True,0.5208113758915284
SWDA.L,2013-07-15,False,False,False,False,False,True,0.680732722097461
SWDA.L,2013-07-16,False,False,False,False,False,True,-0.6304767584566088
SWDA.L,2013-07-18,False,False,False,False,False,True,0.6819214227134123
SWDA.L,2013-07-19,False,False,False,False,False,True,-0.6058412026293974
SWDA.L,2013-07-24,False,False,False,False,False,True,0.009421429189600723
SWDA.L,2013-07-29,False,False,False,False,False,True,-0.04004486015675113
SWDA.L,2013-08-02,False,False,False,False,False,True,-0.9818227155354335
SWDA.L,2013-08-12,False,False,False,False,False,True,0.42226106001099156
SWDA.L,2013-08-15,False,False,False,False,False,True,-2.3571806314200674
SWDA.L,2013-08-19,False,False,False,False,False,True,-1.0249986335144656
SWDA.L,2013-08-20,False,False,False,False,False,True,-0.6541950014379607
SWDA.L,2013-08-22,False,False,False,False,False,True,1.5867227384019542
SWDA.L,2013-08-29,False,False,False,False,False,True,0.8183656186872003
SWDA.L,2013-09-02,False,False,False,False,False,True,1.094101984132983
SWDA.L,2013-09-04,False,False,False,False,False,True,-0.37655387147654235
SWDA.L,2013-09-06,False,False,False,False,False,True,0.32198439644512733
SWDA.L,2013-09-19,False,False,False,False,False,True,1.629381196085051
SWDA.L,2013-09-23,False,False,False,False,False,True,-1.6630988490633758
SWDA.L,2013-09-24,False,False,False,False,False,True,0.8293448487519003
SWDA.L,2013-09-25,False,False,False,False,False,True,-0.876954088347628
SWDA.L,2013-09-26,False,False,False,False,False,True,0.2501779789184111
SWDA.L,2013-09-27,False,False,False,False,False,True,-1.400293841877264
SWDA.L,2013-09-30,False,False,False,False,False,True,-1.4703717623691863
SWDA.L,2013-10-03,False,False,False,False,False,True,-0.16062983772927783
SWDA.L,2013-10-09,False,False,False,False,False,True,-0.16442922742270819
SWDA.L,2013-10-10,False,False,False,False,False,True,2.460246110168917
SWDA.L,2013-10-16,False,False,False,False,False,True,0.8697748022510737
SWDA.L,2013-10-22,False,False,False,False,False,True,0.25946930551666003
SWDA.L,2013-10-28,False,False,False,False,False,True,0.5014791248834387
SWDA.L,2013-10-29,False,False,False,False,False,True,1.1763582460521358
SWDA.L,2013-10-30,False,False,False,False,False,True,-0.5466489879467978
SWDA.L,2013-11-22,False,False,False,False,False,True,-0.10434046783450214
SWDA.L,2013-11-28,False,False,False,False,False,True,-0.38055683446288585
SWDA.L,2013-11-29,False,False,False,False,False,True,-0.15990064269784263
SWDA.L,2013-12-03,False,False,False,False,False,True,-1.8038986034730475
SWDA.L,2013-12-09,False,False,False,False,False,True,0.3043928019667484
SWDA.L,2013-12-11,False,False,False,False,False,True,-0.48287693822099553
SWDA.L,2013-12-18,False,False,False,False,False,True,-0.5444966673762638
SWDA.L,2013-12-24,False,False,False,False,False,True,-0.21155457108220524
SWDA.L,2013-12-27,False,False,False,False,False,True,0.3567191053153133
SWDA.L,2014-01-06,False,False,False,False,False,True,-0.458461608057844
SWDA.L,2014-01-08,False,False,False,False,False,True,-0.6730544375877702
SWDA.L,2014-01-10,False,False,False,False,False,True,0.5451076216253108
SWDA.L,2014-01-14,False,False,False,False,False,True,-1.0075641215911693
SWDA.L,2014-01-24,False,False,False,False,False,True,-1.6287944726295145
SWDA.L,2014-01-27,False,False,False,False,False,True,-1.9333151704923561
SWDA.L,2014-01-30,False,False,False,False,False,True,0.6363239433929181
SWDA.L,2014-01-31,False,False,False,False,False,True,-0.38717153747213523
SWDA.L,2014-02-03,False,False,False,False,False,True,-1.0118388252555774
SWDA.L,2014-02-07,False,False,False,False,False,True,0.7174288550636849
SWDA.L,2014-02-11,False,False,False,False,False,True,1.1354008324351057
SWDA.L,2014-02-12,False,False,False,False,False,True,-0.5528250233780996
SWDA.L,2014-02-18,False,False,False,False,False,True,1.5450081007877223
SWDA.L,2014-02-20,False,False,False,False,False,True,-0.3772035142462652
SWDA.L,2014-02-21,False,False,False,False,False,True,1.0662618574117568
SWDA.L,2014-02-25,False,False,False,False,False,True,-0.5014187601108363
SWDA.L,2014-02-26,False,False,False,False,False,True,0.18968323715334473
SWDA.L,2014-03-04,False,False,False,False,False,True,3.130021269591689
SWDA.L,2014-03-05,False,False,False,False,False,True,-0.6685463124230913
SWDA.L,2014-03-07,False,False,False,False,False,True,-0.8222298888398583
SWDA.L,2014-03-11,False,False,False,False,False,True,-0.1732628539751214
SWDA.L,2014-03-13,False,False,False,False,False,True,-1.3407728406414616
SWDA.L,2014-03-20,False,False,False,False,False,True,0.4866802193771192
SWDA.L,2014-03-21,False,False,False,False,False,True,0.7494568704614861
SWDA.L,2014-03-24,False,False,False,False,False,True,-1.8328438798496125
SWDA.L,2014-03-26,False,False,False,False,False,True,0.4071891113990166
SWDA.L,2014-04-04,False,False,False,False,False,True,0.16803202068561293
SWDA.L,2014-04-07,False,False,False,False,False,True,-2.174541117135731
SWDA.L,2014-04-09,False,False,False,False,False,True,0.469762459680582
SWDA.L,2014-04-10,False,False,False,False,False,True,-0.3784450743002562
SWDA.L,2014-04-15,False,False,False,False,False,True,-0.5744577142415113
SWDA.L,2014-04-17,False,False,False,False,False,True,0.7218272250929455
SWDA.L,2014-04-22,False,False,False,False,False,True,1.134692193070877
SWDA.L,2014-04-30,False,False,False,False,False,True,-0.3292151683537538
SWDA.L,2014-05-02,False,False,False,False,False,True,-0.2049862086614877
SWDA.L,2014-05-06,False,False,False,False,False,True,-1.0355911366707853
SWDA.L,2014-05-08,False,False,False,False,False,True,1.4148489219378189
SWDA.L,2014-05-13,False,False,False,False,False,True,0.8170017028881436
SWDA.L,2014-05-15,False,False,False,False,False,True,-1.943607050694458
SWDA.L,2014-05-19,False,False,False,False,False,True,0.5352067410525659
SWDA.L,2014-05-30,False,False,False,False,False,True,-0.2021555950260158
SWDA.L,2014-06-09,False,False,False,False,False,True,0.40270933343938936
SWDA.L,2014-06-12,False,False,False,False,False,True,-0.5039217630785934
SWDA.L,2014-06-19,False,False,False,False,False,True,0.4901043645729174
SWDA.L,2014-06-23,False,False,False,False,False,True,-0.42767896904360947
SWDA.L,2014-06-26,False,False,False,False,False,True,-0.6339590119978578
SWDA.L,2014-07-03,False,False,False,False,False,True,0.8895266822836112
SWDA.L,2014-07-07,False,False,False,False,False,True,-0.8454876918829317
SWDA.L,2014-07-08,False,False,False,False,False,True,-1.3788630999757434
SWDA.L,2014-07-11,False,False,False,False,False,True,0.13876590434783576
SWDA.L,2014-07-15,False,False,False,False,False,True,-1.307781608704552
SWDA.L,2014-07-17,False,False,False,False,False,True,-0.5787177413623003
SWDA.L,2014-07-24,False,False,False,False,False,True,1.0203555714660555
SWDA.L,2014-07-25,False,False,False,False,False,True,-1.1092890767725678
SWDA.L,2014-07-31,False,False,False,False,False,True,-1.7837408211771797
SWDA.L,2014-08-07,False,False,False,False,False,True,-0.6732996418360848
SWDA.L,2014-08-12,False,False,False,False,False,True,-1.0004586811080267
SWDA.L,2014-08-13,False,False,False,False,False,True,2.483911700706266
SWDA.L,2014-08-15,False,False,False,False,False,True,-0.41322184410453644
SWDA.L,2014-09-12,False,False,False,False,False,True,-0.2014516891133023
SWDA.L,2014-09-22,False,False,False,False,False,True,-1.6315860884374118
SWDA.L,2014-10-02,False,False,False,False,False,True,-1.8829906184600111
SWDA.L,2014-10-06,False,False,False,False,False,True,0.10360963798534303
SWDA.L,2014-10-07,False,False,False,False,False,True,-2.1791432292236075
SWDA.L,2014-10-14,False,False,False,False,False,True,0.9442536771046498
SWDA.L,2014-10-15,False,False,False,False,False,True,-3.829551922634615
SWDA.L,2014-10-21,False,False,False,False,False,True,2.7604171775829434
SWDA.L,2014-10-29,False,False,False,False,False,True,0.9180668773617554
SWDA.L,2014-11-24,False,False,False,False,False,True,-0.33774891806517765
SWDA.L,2014-11-28,False,False,False,False,False,True,1.3082922213480088
SWDA.L,2014-12-03,False,False,False,False,False,True,-0.3743540347156521
SWDA.L,2014-12-04,False,False,False,False,False,True,-0.6885004979914519
SWDA.L,2014-12-05,False,False,False,False,False,True,2.100924197236888
SWDA.L,2014-12-08,False,False,False,False,False,True,-1.1730101344884487
SWDA.L,2014-12-10,False,False,False,False,False,True,-0.453396279642245
SWDA.L,2014-12-12,False,False,False,False,False,True,-3.378011693625839
SWDA.L,2014-12-15,False,False,False,False,False,True,-1.466969190560342
SWDA.L,2014-12-17,False,False,False,False,False,True,-0.4455990850924443
SWDA.L,2015-01-05,False,False,False,False,False,True,-1.6766788600808116
SWDA.L,2015-01-06,False,False,False,False,False,True,-0.6505220550530979
SWDA.L,2015-01-09,False,False,False,False,False,True,-1.9941078874205023
SWDA.L,2015-01-16,False,False,False,False,False,True,0.7312201275362625
SWDA.L,2015-01-22,False,False,False,False,False,True,1.4706595293392013
SWDA.L,2015-01-28,False,False,False,False,False,True,0.10652279746409302
SWDA.L,2015-01-30,False,False,False,False,False,True,0.3234590852848958
SWDA.L,2015-02-02,False,False,False,False,False,True,0.4321603229086126
SWDA.L,2015-02-12,False,False,False,False,False,True,-0.34585298842154094
SWDA.L,2015-02-17,False,False,False,False,False,True,0.39696767915863784
SWDA.L,2015-02-27,False,False,False,False,False,True,-0.6261905693509762
SWDA.L,2015-03-03,False,False,False,False,False,True,-0.9971565086193341
SWDA.L,2015-03-10,False,False,False,False,False,True,-2.4439557120856015
SWDA.L,2015-03-30,False,False,False,False,False,True,2.178168568674494
SWDA.L,2015-04-21,False,False,False,False,False,True,-0.050171225622412025
SWDA.L,2015-04-24,False,False,False,False,False,True,-0.4386170982022666
SWDA.L,2015-04-29,False,False,False,False,False,True,-2.0421829781249095
SWDA.L,2015-05-11,False,False,False,False,False,True,-2.0690585026271258
SWDA.L,2015-05-29,False,False,False,False,False,True,-1.1696823025604985
SWDA.L,2015-07-02,False,False,False,False,False,True,-0.05308977627075483
SWDA.L,2015-07-07,False,False,False,False,False,True,-0.7516917347607849
SWDA.L,2015-07-24,False,False,False,False,False,True,-1.127214495324125
SWDA.L,2015-07-29,False,False,False,False,False,True,0.9547583734029658
SWDA.L,2015-08-11,False,False,False,False,False,True,-1.9076437976469376
SWDA.L,2015-08-19,False,False,False,False,False,True,-1.8036522753831186
SWDA.L,2015-09-09,False,False,False,False,False,True,1.1562342197698756
SWDA.L,2015-09-22,False,False,False,False,False,True,-2.360725962276594
SWDA.L,2015-09-28,False,False,False,False,False,True,-3.464236046293015
SWDA.L,2015-10-07,False,False,False,False,False,True,-0.9693239532716658
SWDA.L,2015-10-30,False,False,False,False,False,True,-1.3349829991963924
SWDA.L,2015-11-09,False,False,False,False,False,True,-1.6231084572798566
SWDA.L,2015-11-19,False,False,False,False,False,True,0.40613094932009935
SWDA.L,2015-11-24,False,False,False,False,False,True,-0.37890356924299146
SWDA.L,2015-12-07,False,False,False,False,False,True,-0.23242394937727506
SWDA.L,2015-12-31,False,False,False,False,False,True,-0.8019126364964833
SWDA.L,2016-01-07,False,False,False,False,False,True,-1.6948484514619795
SWDA.L,2016-01-08,False,False,False,False,False,True,-1.5838274011520024
SWDA.L,2016-01-13,False,False,False,False,False,True,-0.03016891188906589
SWDA.L,2016-01-27,False,False,False,False,False,True,0.9593998426010443
SWDA.L,2016-01-29,False,False,False,False,False,True,3.3155054374880364
SWDA.L,2016-02-05,False,False,False,False,False,True,-0.9360553608905473
SWDA.L,2016-02-12,False,False,False,False,False,True,1.912966271506753
SWDA.L,2016-02-19,False,False,False,False,False,True,-0.3866638656562125
SWDA.L,2016-03-01,False,False,False,False,False,True,0.9013240546525184
SWDA.L,2016-03-03,False,False,False,False,False,True,-0.4766687018296116
SWDA.L,2016-03-10,False,False,False,False,False,True,-0.9978560657741442
SWDA.L,2016-03-14,False,False,False,False,False,True,0.5496541496093957
SWDA.L,2016-03-22,False,False,False,False,False,True,1.356178184804691
SWDA.L,2016-03-24,False,False,False,False,False,True,-1.512578084741621
SWDA.L,2016-04-12,False,False,False,False,False,True,0.47483665643829054
SWDA.L,2016-04-20,False,False,False,False,False,True,0.3893537426834287
SWDA.L,2016-04-27,False,False,False,False,False,True,0.2604996679427928
SWDA.L,2016-05-05,False,False,False,False,False,True,-0.00923289791100983
SWDA.L,2016-05-06,False,False,False,False,False,True,0.17733438076431646
SWDA.L,2016-05-11,False,False,False,False,False,True,-0.08744181439316077
SWDA.L,2016-05-12,False,False,False,False,False,True,-0.8722655034629577
SWDA.L,2016-05-16,False,False,False,False,False,True,-0.18089573826702166
SWDA.L,2016-05-17,False,False,False,False,False,True,-0.6157029520843987
SWDA.L,2016-05-27,False,False,False,False,False,True,0.5364420522594147
SWDA.L,2016-06-16,False,False,False,False,False,True,-0.32015765891434694
SWDA.L,2016-06-17,False,False,False,False,False,True,-0.8253897609012089
SWDA.L,2016-06-21,False,False,False,False,False,True,0.09199393318477893
SWDA.L,2016-06-22,False,False,False,False,False,True,0.2067727295794041
SWDA.L,2016-07-08,False,False,False,False,False,True,0.9880978653651219
SWDA.L,2016-07-12,False,False,False,False,False,True,-1.2587762504831055
SWDA.L,2016-07-18,False,False,False,False,False,True,-0.36728680086886456
SWDA.L,2016-08-11,False,False,False,False,False,True,0.9527453139853677
SWDA.L,2016-08-12,False,False,False,False,False,True,0.13514971190402492
SWDA.L,2016-08-15,False,False,False,False,False,True,0.8681270472446632
SWDA.L,2016-08-22,False,False,False,False,False,True,-0.8843807872607728
SWDA.L,2016-09-01,False,False,False,False,False,True,-1.7675757212545344
SWDA.L,2016-09-02,False,False,False,False,False,True,1.1780768640159458
SWDA.L,2016-09-26,False,False,False,False,False,True,-1.5663404619457106
SWDA.L,2016-09-28,False,False,False,False,False,True,0.013747925603194664
SWDA.L,2016-10-19,False,False,False,False,False,True,0.4272364085478028
SWDA.L,2016-10-20,False,False,False,False,False,True,-0.11771575158179998
SWDA.L,2016-11-01,False,False,False,False,False,True,-1.2240967969635903
SWDA.L,2016-11-08,False,False,False,False,False,True,0.5354171582314602
SWDA.L,2016-11-30,False,False,False,False,False,True,0.014051274353203962
SWDA.L,2016-12-08,False,False,False,False,False,True,1.487771667344699
SWDA.L,2016-12-12,False,False,False,False,False,True,-0.8803996896623163
SWDA.L,2016-12-16,False,False,False,False,False,True,-1.0384325803422847
SWDA.L,2017-01-04,False,False,False,False,False,True,0.5439989602126988
SWDA.L,2017-01-06,False,False,False,False,False,True,1.1654274214413567
SWDA.L,2017-01-31,False,False,False,False,False,True,-0.6956710215065709
SWDA.L,2017-02-01,False,False,False,False,False,True,-0.5838049207404885
SWDA.L,2017-02-02,False,False,False,False,False,True,1.3009950975563804
SWDA.L,2017-02-09,False,False,False,False,False,True,0.6010845342516332
SWDA.L,2017-02-23,False,False,False,False,False,True,-1.3371860318066324
SWDA.L,2017-02-27,False,False,False,False,False,True,0.4031808075997635
SWDA.L,2017-04-11,False,False,False,False,False,True,-1.9776845151777378
SWDA.L,2017-05-26,False,False,False,False,False,True,1.8837398845129227
SWDA.L,2017-05-31,False,False,False,False,False,True,-0.8044602336681566
SWDA.L,2017-06-14,False,False,False,False,False,True,-0.6755116447100262
SWDA.L,2017-06-19,False,False,False,False,False,True,1.986119524453461
SWDA.L,2017-06-22,False,False,False,False,False,True,0.15682987672509086
SWDA.L,2017-06-27,False,False,False,False,False,True,-1.062616025175439
SWDA.L,2017-06-29,False,False,False,False,False,True,-1.8819351255042776
SWDA.L,2017-06-30,False,False,False,False,False,True,-0.8368210970117458
SWDA.L,2017-07-07,False,False,False,False,False,True,0.7418074719516773
SWDA.L,2017-07-14,False,False,False,False,False,True,-1.737733841341713
SWDA.L,2017-07-17,False,False,False,False,False,True,0.8495191458008845
SWDA.L,2017-07-26,False,False,False,False,False,True,-0.46221110359946527
SWDA.L,2017-08-17,False,False,False,False,False,True,-1.3427344037190863
SWDA.L,2017-08-18,False,False,False,False,False,True,-1.000279543226894
SWDA.L,2017-08-23,False,False,False,False,False,True,0.5758613714973435
SWDA.L,2017-08-25,False,False,False,False,False,True,-0.6915338605264482
SWDA.L,2017-09-05,False,False,False,False,False,True,-1.7287866261595957
SWDA.L,2017-09-12,False,False,False,False,False,True,-0.838036001945202
SWDA.L,2017-09-13,False,False,False,False,False,True,0.45935466013023535
SWDA.L,2017-09-18,False,False,False,False,False,True,1.362166766870995
SWDA.L,2017-10-05,False,False,False,False,False,True,2.158892338091054
SWDA.L,2017-10-20,False,False,False,False,False,True,0.3808127770953485
SWDA.L,2017-10-25,False,False,False,False,False,True,-3.2630538337190864
SWDA.L,2017-10-30,False,False,False,False,False,True,-1.4802507505535405
SWDA.L,2017-11-02,False,False,False,False,False,True,2.297302614350264
SWDA.L,2017-12-01,False,False,False,False,False,True,-1.7521274725695672
SWDA.L,2017-12-12,False,False,False,False,False,True,0.8962211044686383
SWDA.L,2017-12-14,False,False,False,False,False,True,-1.4619286040360553
SWDA.L,2017-12-15,False,False,False,False,False,True,1.5533859776257997
SWDA.L,2017-12-29,False,False,False,False,False,True,-0.09841494908504024
SWDA.L,2018-01-09,False,False,False,False,False,True,1.246342076571807
SWDA.L,2018-01-22,False,False,False,False,False,True,-0.8967390786704614
SWDA.L,2018-01-26,False,False,False,False,False,True,1.96809051316905
SWDA.L,2018-02-06,False,False,True,False,False,False,-6.438686679552191
SWDA.L,2018-02-22,False,False,False,False,False,True,-0.31101682186762497
SWDA.L,2018-02-26,False,False,False,False,False,True,2.5393817858920262
SWDA.L,2018-03-06,False,False,False,False,False,True,0.5673030216749971
SWDA.L,2018-03-26,False,False,False,False,False,True,-2.1795555189656697
SWDA.L,2018-04-05,False,False,False,False,False,True,4.55428149274497
SWDA.L,2018-04-17,False,False,False,False,False,True,1.8674567996375189
SWDA.L,2018-04-20,False,False,False,False,False,True,0.677340111657293
SWDA.L,2018-04-23,False,False,False,False,False,True,1.3921924531443024
SWDA.L,2018-05-04,False,False,False,False,False,True,2.613280587330041
SWDA.L,2018-06-01,False,False,False,False,False,True,0.1636822899701932
SWDA.L,2018-06-04,False,False,False,False,False,True,1.313157072839108
SWDA.L,2018-06-11,False,False,False,False,False,True,1.2571452077094944
SWDA.L,2018-06-15,False,False,False,False,False,True,-0.4558303060545418
SWDA.L,2018-06-19,False,False,False,False,False,True,-0.21891796475607625
SWDA.L,2018-06-20,False,False,False,False,False,True,0.4376796312643829
SWDA.L,2018-06-22,False,False,False,False,False,True,0.676880847548497
SWDA.L,2018-06-25,False,False,False,False,False,True,-2.687540262606443
SWDA.L,2018-07-06,False,False,False,False,False,True,0.8334756574095438
SWDA.L,2018-07-09,False,False,False,False,False,True,1.615234841351412
SWDA.L,2018-07-23,False,False,False,False,False,True,-0.3766217213649166
SWDA.L,2018-07-30,False,False,False,False,False,True,-1.1659363730383887
SWDA.L,2018-09-13,False,False,False,False,False,True,-0.5041806281972451
SWDA.L,2018-10-05,False,False,False,False,False,True,-1.8661077549424334
SWDA.L,2018-10-15,False,False,False,False,False,True,0.636751977964654
SWDA.L,2018-10-18,False,False,False,False,False,True,-0.2925585937947316
SWDA.L,2018-10-25,False,False,False,False,False,True,0.8976371421396707
SWDA.L,2018-11-01,False,False,False,False,False,True,-1.8763019798939145
SWDA.L,2018-11-12,False,False,False,False,False,True,-0.8867235318518928
SWDA.L,2018-11-14,False,False,False,False,False,True,-1.5049752611093696
SWDA.L,2018-11-21,False,False,False,False,False,True,1.8082305676285273
SWDA.L,2019-01-11,False,False,False,False,False,True,-0.7084019523491337
SWDA.L,2019-01-16,False,False,False,False,False,True,-0.20483023331420633
SWDA.L,2019-01-18,False,False,False,False,False,True,2.4694498871263146
SWDA.L,2019-01-24,False,False,False,False,False,True,0.4595108845838903
SWDA.L,2019-03-20,False,False,False,False,False,True,-0.8289625256180946
SWDA.L,2019-05-09,False,False,False,False,False,True,-2.699501819102048
SWDA.L,2019-05-15,False,False,False,False,False,True,0.9016696397823813
SWDA.L,2019-05-16,False,False,False,False,False,True,2.3760121700819288
SWDA.L,2019-06-03,False,False,False,False,False,True,-0.28983422654672647
SWDA.L,2019-06-11,False,False,False,False,False,True,-0.6258384714354008
SWDA.L,2019-06-20,False,False,False,False,False,True,0.38528032611216645
SWDA.L,2019-06-26,False,False,False,False,False,True,-0.356729877549006
SWDA.L,2019-07-17,False,False,False,False,False,True,-1.1199931355964892
SWDA.L,2019-07-26,False,False,False,False,False,True,1.2221243859266615
SWDA.L,2019-08-09,False,False,False,False,False,True,-0.4556944107083584
SWDA.L,2019-11-14,False,False,False,False,False,True,-0.4941430236992881
SWDA.L,2020-01-08,False,False,False,False,False,True,0.2157630089406374
SWDA.L,2020-02-20,False,False,False,False,False,True,-0.559105578626287
SWDA.L,2020-11-24,False,False,False,False,False,True,0.9783646370536414
SWDA.L,2020-11-27,False,False,False,False,False,True,0.8342062643093139
SWDA.L,2021-02-01,False,False,False,False,False,True,0.7419595842225735
SWDA.L,2021-04-16,False,False,False,False,False,True,-0.006010548290060041
SWDA.L,2021-05-17,False,False,False,False,False,True,-0.6246820342625139
SWDA.L,2021-05-24,False,False,False,False,False,True,0.8666180639372502
SWDA.L,2021-08-12,False,False,False,False,False,True,0.45968891854594596
SWDA.L,2022-05-18,False,False,False,False,False,True,-2.073969360141713
SWDA.L,2022-05-23,False,False,False,False,False,True,1.8869930135249064
SWDA.L,2022-11-29,False,False,False,False,False,True,-0.5066019697345683
SWDA.L,2022-11-30,False,False,False,False,False,True,0.6475680920130414
SWDA.L,2023-09-08,False,False,False,False,False,True,0.5372959933168067
XLK,2018-03-26,False,False,True,False,False,False,6.411283939891302
